"Provider ID","Provider Case","Provider Name","License ID","Current License Start Date","Current License End Date","License Type","Provider Program Type","Address 1","Address 2","Provider Town","Zip Code","Phone Number","Email Address","County","AHS District","Total Licensed Capacity","Infant Licensed Capacity","Toddler Licensed Capacity","Preschool Licensed Capacity","School Age Licensed Capacity","Special Services Status","Provider Referral Status","Current STARS Level","Reported Food Program Participation","Accreditation","Accreditation Start Date","Accreditation End Date","Reported Infant Vacancies","Reported Toddler Vacancies","Reported Preschool Vacancies","Reported School Age Vacancies","Special Schedule","Usual Program Start","Usual Program End","Prequalified Prekindgarten Program","Prequalified Prekindgarten Start Date","Prequalified Prekindgarten End Date"
"88887","45209","Allen Brook School","32502","11/16/2025","11/11/2028","Licensed Provider","CBCCPP","497 Talcott Road",,"Williston","05495","8028716236","egagne@cvsdvt.org","Chittenden","BDO","30","0","0","30","0","No","Active","5 Star","No",,,,"0","0","0","0",,"7:45:00 AM","10:45:00 AM","Prequalified PreK Program - Public School","2024 Jun 30 12:00:00 AM","2028 Jun 30 12:00:00 AM"
"243566","170804","Bethel Elementary Preschool","66734","08/13/2023","08/08/2026","Licensed Provider","CBCCPP","273 Pleasant Street",,"Bethel","05032","8022346607","abowen@wrvsu.org","Windsor","HDO","35","0","0","35","0","No","Active","4 Star","Yes",,,,"0","0","0","0","School Year Only","7:45:00 AM","2:45:00 PM","Prequalified PreK Program - Public School","2024 Jun 30 12:00:00 AM","2028 Jun 30 12:00:00 AM"
"3382","2414","CCSU Twinfield Preschool","1476","03/26/2023","03/21/2026","Licensed Provider","CBCCPP","106 Nasmith Brook Road",,"Plainfield","05667","8026843801","bethany.hale@ccsuvt.net","Washington","MDO","30","0","0","30","0","No","Active","4 Star","No",,,,"0","0","0","0",,"8:00:00 AM","3:00:00 PM","Prequalified PreK Program - Public School","2024 Jul 01 12:00:00 AM","2028 Jun 30 12:00:00 AM"
"56037","25894","East Montpelier Elementary Preschool","18537","02/12/2023","02/07/2026","Licensed Provider","CBCCPP","665 Vincent Flats Road",,"East Montpelier","05651","8022237936","alyford@u32.org","Washington","MDO","33","0","0","33","0","Yes","Active","5 Star","No",,,,"0","0","4","0",,"7:30:00 AM","5:30:00 PM","Prequalified PreK Program - Public School","2024 May 20 12:00:00 AM","2028 Jun 30 12:00:00 AM"
"3604","2572","Fayston Elementary School Preschool","1578","10/05/2025","09/30/2028","Licensed Provider","CBCCPP","782 German Flats Road",,"Fayston","05673","8024963636","jboyden@huusd.org","Washington","MDO","20","0","0","20","0","No","Active","5 Star","No",,,,"0","0","9","0","School Year Only","7:30:00 AM","2:30:00 PM","Prequalified PreK Program - Public School","2024 Jun 30 12:00:00 AM","2029 Jun 30 12:00:00 AM"
"458830","416697","First Branch PreK Program","89620","09/20/2025","08/22/2026","Licensed Provider","CBCCPP","6 School Street",,"Chelsea","05038","8026854551","lellis@wrvsu.org","Orange","HDO","15","0","0","15","0","No","Active","4 Star","No",,,,"0","0","0","0",,,,"Prequalified PreK Program - Public School","2023 Oct 30 12:00:00 AM","2026 Jun 30 12:00:00 AM"
"3074","2183","Moretown Elementary School Preschool","1296","10/05/2025","09/30/2028","Licensed Provider","CBCCPP","940 Route 100B",,"Moretown","05660","8024963742","Kliptak@huusd.org","Washington","MDO","40","0","0","40","0","No","Active","5 Star","Yes",,,,"0","0","2","0","School Year Only","7:30:00 AM","2:30:00 PM","Prequalified PreK Program - Public School","2024 Apr 08 12:00:00 AM","2029 Jun 30 12:00:00 AM"
"3869","2770","Northfield Elementary School Pre-K","1668","11/02/2025","10/28/2028","Licensed Provider","CBCCPP","10 Cross Street",,"Northfield","05663","8024856161","dpalmer@cvsu.org","Washington","MDO","65","0","0","65","0","No","Active","5 Star","No",,,,"0","0","0","0",,"7:45:00 AM","2:45:00 PM","Prequalified PreK Program - Public School","2024 Feb 12 12:00:00 AM","2027 Jun 30 12:00:00 AM"
"306200","241834","OSSD Braintree Early Education Program","79114","07/14/2024","07/10/2027","Licensed Provider","CBCCPP","66 Bent Hill Road",,"Braintree","05060","8027289373","rdrury@orangesouthwest.org","Orange","MDO","20","0","0","20","0","No","Active","4 Star","No",,,,"0","0","1","0",,"7:30:00 AM","2:15:00 PM","Prequalified PreK Program - Public School","2024 Mar 19 12:00:00 AM","2027 Jun 30 12:00:00 AM"
"362620","312031","OSSD Brookfield Early Education Program","82734","08/10/2025","08/05/2028","Licensed Provider","CBCCPP","1728 N Ridge Road",,"Brookfield","05036","8022763153","slanglois@orangesouthwest.org","Orange","MDO","20","0","0","20","0","No","Inactive","4 Star","Yes",,,,"0","0","2","0",,,,"Prequalified PreK Program - Public School","2024 Feb 21 12:00:00 AM","2027 Jun 30 12:00:00 AM"
"286022","213156","OSSD Early Education Program","75534","01/28/2024","01/23/2027","Licensed Provider","CBCCPP","40 Ayers Brook Road",,"Randolph","05060","8027286732","amcfadyen@orangesouthwest.org","Orange","HDO","40","0","0","40","0","No","Active","5 Star","Yes",,,,"0","0","0","0","School Year Only","8:00:00 AM","2:30:00 PM","Prequalified PreK Program - Public School","2024 May 20 12:00:00 AM","2027 Jun 30 12:00:00 AM"
"175453","114113","Rumney Memorial School Pre-Kindergarten","50576","09/26/2024","02/21/2026","Licensed Provider","CBCCPP","433 Shady Rill Road",,"Middlesex","05602","8022235429","kmay@u32.org","Washington","MDO","20","0","0","20","0","Yes","Active","4 Star","No",,,,"0","0","4","0",,"8:45:00 AM","3:45:00 PM","Prequalified PreK Program - Public School","2024 Jun 05 12:00:00 AM","2027 Jun 30 12:00:00 AM"
"177861","115877","Sharon Preschool and Child Care","51176","08/27/2023","08/22/2026","Licensed Provider","CBCCPP","75 VT Route 132",,"Sharon","05065","8024313555","lschell@wrvsu.org","Windsor","HDO","30","0","0","30","0","Yes","Active","5 Star","No",,,,"0","0","0","0","School Year Only","8:00:00 AM","5:30:00 PM","Prequalified PreK Program - Public School","2024 Jul 01 12:00:00 AM","2027 Jun 30 12:00:00 AM"
"188166","122560","South Royalton Preschool","55894","09/20/2025","09/16/2028","Licensed Provider","CBCCPP","223 S Windsor Street",,"Royalton","05068","8027637740","rgaudette@wrvsu.org","Windsor","HDO","34","0","0","34","0","No","Active","5 Star","No",,,,"0","0","0","0","School Year Only","8:00:00 AM","3:00:00 PM","Prequalified PreK Program - Public School","2024 Aug 30 12:00:00 AM","2027 Jun 30 12:00:00 AM"
"3076","2184","Waitsfield Elementary Preschool","1297","10/05/2025","09/30/2028","Licensed Provider","CBCCPP","3951 Main Street",,"Waitsfield","05673","8024963643","kkorb@huusd.org","Washington","MDO","20","0","0","20","0","No","Active","4 Star","No",,,,"0","0","6","0",,"7:30:00 AM","12:00:00 PM","Prequalified PreK Program - Public School","2024 Jun 05 12:00:00 AM","2027 Jun 30 12:00:00 AM"
"3454","2465","Warren Pre K Class","1509","10/19/2025","02/02/2026","Licensed Provider","CBCCPP","293 School Road",,"Warren","05674","8024962487","efoxx@huusd.org","Washington","MDO","15","0","0","15","0","No","Active","4 Star","No",,,,"0","0","11","0",,"8:00:00 AM","2:30:00 PM","Prequalified PreK Program - Public School","2024 Jun 24 12:00:00 AM","2027 Jun 30 12:00:00 AM"
"189648","123854","Washington Village School Pre-K","55919","08/13/2023","08/08/2026","Licensed Provider","CBCCPP","72  School Lane",,"Washington","05675","8028832312","dpalmer@cvsu.org","Orange","MDO","16","0","0","16","0","No","Inactive","5 Star","No",,,,"0","0","0","0",,,,"Prequalified PreK Program - Public School","2024 Jul 01 12:00:00 AM","2027 Jun 30 12:00:00 AM"
"3540","2526","Williamstown Elementary School Pre-K","1552","08/30/2024","02/08/2026","Licensed Provider","CBCCPP","100 Brush Hill Road",,"Williamstown","05679","8024336653","dpalmer@cvsu.org","Orange","MDO","45","0","0","45","0","No","Active","5 Star","No",,,,"0","0","0","0",,"7:45:00 AM","3:00:00 PM","Prequalified PreK Program - Public School","2024 Aug 30 12:00:00 AM","2027 Jun 30 12:00:00 AM"
"188879","123177","Dothan Brook School","54975","10/11/2024","01/23/2027","Licensed Provider","CBCCPP","2300 Christian Street",,"Hartford","05001","8022958647","petersp@hartfordschools.net","Windsor","HDO","40","0","0","40","0","No","Active","4 Star","No",,,,"0","0","0","0","School Year Only","8:00:00 AM","2:45:00 PM","Prequalified PreK Program - Public School","2024 Jul 15 12:00:00 AM","2028 Jun 30 12:00:00 AM"
"463498","421847","Jamaica PreK Program","90680","08/25/2024","08/21/2027","Licensed Provider","CBCCPP","347 Depot Street",,"Jamaica","05343","8028744822","kgatto-gurney@windhamcentral.org","Windham","LDO","15","0","0","15","0","No",,"4 Star","No",,,,,,,,,,,"Prequalified PreK Program - Public School","2025 Sep 29 12:00:00 AM","2028 Jun 30 12:00:00 AM"
"302277","235281","Marion Cross School Pre-K","79214","07/28/2024","07/24/2027","Licensed Provider","CBCCPP","22 Church Street",,"Norwich","05055","8026491703","shawngonyaw@hanovernorwichschools.org","Windsor","HDO","36","0","0","36","0","No","Active","5 Star","Yes",,,,"0","0","0","0","School Year Only","8:00:00 AM","3:00:00 PM","Prequalified PreK Program - Public School","2024 Jun 30 12:00:00 AM","2029 Jun 30 12:00:00 AM"
"2983","2117","Ottauquechee School - Prekindergarten","1227","12/28/2025","12/23/2028","Licensed Provider","CBCCPP","304 Dody Lane","Ottauquechee School","Hartford","05059","8022958654","grayc@hartfordschools.net, donaheya@hartfordschools.net","Windsor","HDO","40","0","0","40","0","No","Active","4 Star","No",,,,"0","0","0","0","School Year Only","8:00:00 AM","3:00:00 PM","Prequalified PreK Program - Public School","2024 Aug 22 12:00:00 AM","2027 Jun 30 12:00:00 AM"
"173050","112554","Putney Central School  Pre K","49494","11/16/2025","11/11/2028","Licensed Provider","CBCCPP","182 Westminster Road",,"Putney","05346","8023875521","vkosednar@wsesdvt.org","Windham","LDO","15","0","0","14","1","No","Inactive","5 Star","No",,,,"0","0","0","0",,"7:45:00 AM","2:45:00 PM","Prequalified PreK Program - Public School","2024 Apr 08 12:00:00 AM","2027 Jun 30 12:00:00 AM"
"74705","35921","Rivendell Early Childhood Program/Samuel Morey School","22369","01/28/2024","01/23/2027","Licensed Provider","CBCCPP","214 School Street",,"Fairlee","05045","8023339755","abean@rivendellschool.org","Orange","HDO","30","0","0","30","0","Yes","Active","5 Star","No",,,,"0","0","0","0","School Year Only","8:00:00 AM","5:30:00 PM","Prequalified PreK Program - Public School","2024 Mar 29 12:00:00 AM","2027 Jun 30 12:00:00 AM"
"3680","2625","Rivendell Interstate School District Early Childhood Program","1616","11/16/2025","11/11/2028","Licensed Provider","CBCCPP","744 Route 113","Westshire  Elementary School","West Fairlee","05083","8023334668","hnichols@rivendellschool.org","Orange","HDO","30","0","0","30","0","Yes","Active","5 Star","No",,,,"0","0","0","0","School Year Only","8:00:00 AM","5:00:00 PM","Prequalified PreK Program - Public School","2024 Apr 08 12:00:00 AM","2027 Jun 30 12:00:00 AM"
"468651","427459","Springfield School District PreK","91602","08/24/2025","08/19/2028","Licensed Provider","CBCCPP","10 Hoover Street",,"Springfield","05156","8023765722","rhunter@ssdvt.org","Windsor","SDO","40","0","0","40","0","No","Active","5 Star","No",,,,"0","0","0","0",,,,"Prequalified PreK Program - Public School","2025 Oct 23 12:00:00 AM","2028 Jun 30 12:00:00 AM"
"162406","105967","Townshend School District Pre-K Program","46994","08/13/2023","08/08/2026","Licensed Provider","CBCCPP","66 Common Road",,"Townshend","05353","8023657506","rlichtenwalner@windhamcentral.org","Windham","LDO","34","0","0","17","17","No","Active","1 Star","No",,,,"0","0","0","0","School Year Only","8:00:00 AM","2:30:00 PM","Prequalified PreK Program - Public School","2024 Jul 01 12:00:00 AM","2027 Jun 30 12:00:00 AM"
"447889","406869","WNESU Early Education Center","86936","08/25/2024","06/12/2027","Licensed Provider","CBCCPP","50 School Street Extension",,"Rockingham","05101","8023767386","jennifer.keenan@wnesu.com","Windham","SDO","26","0","0","26","0","No","Active","4 Star","Yes",,,,"0","0","1","0",,,,"Prequalified PreK Program - Public School","2024 Jun 19 12:00:00 AM","2027 Jun 30 12:00:00 AM"
"143238","92113","WNESU Early Education Center- Westminster Site","43119","10/05/2025","09/30/2028","Licensed Provider","CBCCPP","301 School Street","Westminster Center School","Westminster","05158","8024607824","jennifer.keenan@wnesu.com","Windham","LDO","13","0","0","13","0","No","Active","4 Star","Yes",,,,"0","0","0","0","School Year Only","8:00:00 AM","1:00:00 PM","Prequalified PreK Program - Public School","2024 Jun 19 12:00:00 AM","2027 Jun 30 12:00:00 AM"
"453970","412017","Waits River Valley School","88185","06/29/2025","06/24/2028","Licensed Provider","CBCCPP","6 Waits River Valley School Rd",,"Corinth","05040","8024395534","Carlotta.simonds-perantoni@oesu.org","Orange","HDO","22","0","0","22","0","No","Active","5 Star","Yes",,,,"0","0","0","0",,,,"Prequalified PreK Program - Public School","2025 Jun 30 12:00:00 AM","2028 Jun 30 12:00:00 AM"
"2960","2101","White River School","1207","12/27/2025","12/23/2028","Licensed Provider","CBCCPP","102 Pine Street",,"Hartford","05001","8022958650","grayc@hartfordschools.net, kussiusd@hartfordschools.net","Windsor","HDO","40","0","0","40","0","No","Active","4 Star","No",,,,"0","0","0","0","School Year Only","8:15:00 AM","3:00:00 PM","Prequalified PreK Program - Public School","2024 Aug 02 12:00:00 AM","2027 Jun 30 12:00:00 AM"
"220589","149474","Windsor Southeast SU Early Childhood Program (WSSU-ECP)","61575","09/07/2025","09/02/2028","Licensed Provider","CBCCPP","127 State Street","State Street School","Windsor","05089","8026748331","jennifer.sprague@wsesu.net","Windsor","SDO","30","0","0","30","0","No","Active","5 Star","No",,,,"0","0","0","0",,"8:30:00 AM","3:00:00 PM","Prequalified PreK Program - Public School","2024 Jun 05 12:00:00 AM","2027 Jun 30 12:00:00 AM"
"3593","2565","Blue Mountain Union School EEI/Preschool","1573","07/30/2023","07/25/2026","Licensed Provider","CBCCPP","2420 Route 302","Blue Mountain Union School","Newbury","05081","8027572711","amy.emerson@oesu.org","Orange","JDO","30","0","0","30","0","No","Inactive","5 Star","No",,,,"0","0","0","0","School Year Only","7:30:00 AM","3:30:00 PM","Prequalified PreK Program - Public School","2024 Feb 01 12:00:00 AM","2028 Jun 30 12:00:00 AM"
"250739","177171","Bradford Elementary School Preschool","71934","01/28/2024","01/23/2027","Licensed Provider","CBCCPP","143 Fairground Rd",,"Bradford","05033","8022224077","april.zajko@oesu.org","Orange","HDO","20","0","0","20","0","No","Active","4 Star","Yes",,,,"0","0","0","0","School Year Only","8:00:00 AM","11:30:00 AM","Prequalified PreK Program - Public School","2023 Jun 16 12:00:00 AM","2026 Jun 30 12:00:00 AM"
"3514","2506","Brighton Elementary School Preschool","1541","10/19/2025","10/14/2028","Licensed Provider","CBCCPP","825 Railroad Street",,"Brighton","05846","8027234373","amity.burnham@ncsuvt.org","Essex","NDO","15","0","0","15","0","No","Active","4 Star","No",,,,"0","0","0","0",,"12:00:00 PM","2:30:00 PM","Prequalified PreK Program - Public School","2024 Jun 30 12:00:00 AM","2028 Jun 30 12:00:00 AM"
"177906","115926","Burke Town School Preschool","51221","08/13/2023","08/08/2026","Licensed Provider","CBCCPP","3293 Burke Hollow Road",,"Burke","05871","8024673385","svalentine@kingdomeast.org","Caledonia","JDO","15","0","0","15","0","No",,"5 Star","No",,,,"0","0","1","0",,"7:45:00 AM","3:15:00 PM","Prequalified PreK Program - Public School","2023 Feb 22 12:00:00 AM","2026 Jun 30 12:00:00 AM"
"3895","2789","CCSU  Barnet Preschool","1679","10/05/2025","09/30/2028","Licensed Provider","CBCCPP","163 Kid Row",,"Barnet","05828","8026334978","bethany.hale@ccsuvt.net","Caledonia","JDO","38","0","0","38","0","No","Inactive","5 Star","No",,,,"0","0","0","0",,"7:15:00 AM","3:00:00 PM","Prequalified PreK Program - Public School","2024 May 30 12:00:00 AM","2028 Jun 30 12:00:00 AM"
"3743","2668","CCSU Cabot Preschool","1637","11/30/2025","11/25/2028","Licensed Provider","CBCCPP","51 Gym Road",,"Cabot","05647","8025632289","bethany.hale@ccsuvt.net","Washington","MDO","15","0","0","15","0","No","Active","5 Star","No",,,,"0","0","0","0",,"8:15:00 AM","3:00:00 PM","Prequalified PreK Program - Public School","2023 Jun 30 12:00:00 AM","2026 Jun 30 12:00:00 AM"
"3531","2520","CCSU Danville Preschool","1549","10/05/2025","09/30/2028","Licensed Provider","CBCCPP","148 Peacham Road","Danville School","Danville","05828","8026843651","bethany.hale@ccsuvt.net","Caledonia","JDO","38","0","0","38","0","No","Inactive","5 Star","No",,,,"0","0","0","0","School Year Only","7:00:00 AM","3:30:00 PM","Prequalified PreK Program - Public School","2024 Jun 05 12:00:00 AM","2028 Jun 30 12:00:00 AM"
"3524","2514","CCSU Peacham Preschool","1545","10/05/2025","09/30/2028","Licensed Provider","CBCCPP","340 Bailey Hazen Road","Peacham School","Peacham","05828","8025923513","bethany.hale@ccsuvt.net","Caledonia","JDO","15","0","0","15","0","No","Inactive","5 Star","No",,,,"0","0","0","0",,"8:00:00 AM","2:30:00 PM","Prequalified PreK Program - Public School","2024 Apr 30 12:00:00 AM","2028 Jun 30 12:00:00 AM"
"182556","118941","CCSU Walden Preschool","51996","10/05/2025","09/30/2028","Licensed Provider","CBCCPP","135 Cahoon Farm Road",,"Walden","05873","8025633000","bethany.hale@ccsuvt.net","Caledonia","JDO","19","0","0","19","0","No","Inactive","5 Star","No",,,,"0","0","0","0",,"8:15:00 AM","3:00:00 PM","Prequalified PreK Program - Public School","2024 Jul 01 12:00:00 AM","2028 Jun 30 12:00:00 AM"
"3471","2476","CCSU Waterford Preschool","1517","11/16/2025","11/11/2028","Licensed Provider","CBCCPP","276 Duck Pond Road",,"Waterford","05819","8027489393","bethany.hale@ccsuvt.net","Caledonia","JDO","15","0","0","15","0","No","Inactive","5 Star","No",,,,"0","0","0","0","School Year Only","8:00:00 AM","12:00:00 PM","Prequalified PreK Program - Public School","2024 Feb 01 12:00:00 AM","2028 Jun 30 12:00:00 AM"
"3407","2434","Canaan School Preschool","1484","01/28/2024","01/23/2027","Licensed Provider","CBCCPP","99 School Street",,"Canaan","05903","8022668910","jenseng@canaanschools.org","Essex","NDO","20","0","0","20","0","No","Active","4 Star","No",,,,"0","0","7","0",,"7:30:00 AM","12:00:00 PM","Prequalified PreK Program - Public School","2024 Nov 04 12:00:00 AM","2028 Jun 30 12:00:00 AM"
"4748","3466","Charleston Preschool Program","1886","01/25/2026","01/20/2029","Licensed Provider","CBCCPP","255 Center School Road",,"Charleston","05872","8028952915","elisabeth.thompson@ncsuvt.org","Orleans","NDO","15","0","0","15","0","No","Active","5 Star","No",,,,"0","0","0","0",,"12:30:00 PM","3:00:00 PM","Prequalified PreK Program - Public School","2024 Jan 25 12:00:00 AM","2028 Jun 30 12:00:00 AM"
"3465","2472","Concord School Preschool","1516","10/19/2025","10/14/2028","Licensed Provider","CBCCPP","173 School Street",,"Concord","05824","8026952550","mbourgeois@kingdomeast.org","Essex","JDO","12","0","0","12","0","No","Active","5 Star","No",,,,"0","0","0","0","School Year Only","8:00:00 AM","2:30:00 PM","Prequalified PreK Program - Public School","2024 May 10 12:00:00 AM","2028 Jun 30 12:00:00 AM"
"162948","106359","Derby Early Childhood Center","47354","08/27/2023","08/22/2026","Licensed Provider","CBCCPP","907 Elm Street","Derby Elementary School","Derby","05830","8028733162","elizabeth.totten@ncsuvt.org","Orleans","NDO","59","0","0","59","0","No","Active","4 Star","No",,,,"0","0","0","0",,"8:00:00 AM","4:00:00 PM","Prequalified PreK Program - Public School","2024 Jan 17 12:00:00 AM","2028 Jun 30 12:00:00 AM"
"3694","2634","Lyndon Town School Preschool","1618","10/19/2025","10/14/2028","Licensed Provider","CBCCPP","2591 Lily Pond Road",,"Lyndon","05851","8026263209","mmaloney@kingdomeast.org","Caledonia","JDO","15","0","0","15","0","No","Inactive","4 Star","No",,,,"0","0","0","0","School Year Only","8:00:00 AM","2:30:00 PM","Prequalified PreK Program - Public School","2024 Jun 19 12:00:00 AM","2029 Jun 30 12:00:00 AM"
"3855","2760","St Johnsbury School Pre-School Program","1664","01/28/2024","01/23/2027","Licensed Provider","CBCCPP","257 Western Avenue",,"St Johnsbury","05819","8027452765","nbrochu@stjsd.org","Caledonia","JDO","45","0","0","45","0","No","Active","5 Star","No",,,,"0","0","0","0","School Year Only","7:30:00 AM","10:45:00 AM","Prequalified PreK Program - Public School","2024 May 10 12:00:00 AM","2027 Jun 30 12:00:00 AM"
"229709","156829","Coventry Village School Preschool","66515","08/13/2023","08/08/2026","Licensed Provider","CBCCPP","348 Route 5",,"Coventry","05825","8027546464","jessica.monfette@ncsuvt.org","Orleans","NDO","16","0","0","16","0","No","Active","4 Star","Yes",,,,"0","0","0","0",,"8:00:00 AM","11:00:00 AM","Prequalified PreK Program - Public School","2024 May 30 12:00:00 AM","2028 Jun 30 12:00:00 AM"
"244628","171895","Craftsbury Town School Preschool","67136","08/28/2025","06/27/2026","Licensed Provider","CBCCPP","84 North Craftsbury Road",,"Craftsbury","05826","8025869671","fbennett@ossu.org","Orleans","VDO","12","0","0","12","0","No","Inactive","5 Star","No",,,,"0","0","0","0",,,,"Prequalified PreK Program - Public School","2025 Apr 03 12:00:00 AM","2028 Jun 30 12:00:00 AM"
"286530","213883","Eden Central Preschool Program","76254","08/13/2023","08/08/2026","Licensed Provider","CBCCPP","140 Knowles Flat Road",,"Eden","05652","8025215530","mbiasotti@lnsd.org","Lamoille","VDO","16","0","0","16","0","No","Active","5 Star","No",,,,"0","0","0","0","School Year Only","7:30:00 AM","2:15:00 PM","Prequalified PreK Program - Public School","2024 Apr 08 12:00:00 AM","2028 Jun 30 12:00:00 AM"
"3448","2462","Lowell Graded School","1505","10/05/2025","09/30/2028","Licensed Provider","CBCCPP","52 Gelo Park Road",,"Lowell","05847","8027446641","Samantha.Vallieres@ncsuvt.org","Orleans","NDO","15","0","0","15","0","No","Active","5 Star","No",,,,"0","0","0","0",,"10:15:00 AM","1:30:00 PM","Prequalified PreK Program - Public School","2024 May 20 12:00:00 AM","2029 Jun 30 12:00:00 AM"
"3702","2639","Miller's Run School Preschool","1622","09/24/2023","09/19/2026","Licensed Provider","CBCCPP","3249 VT Rte 122",,"Sheffield","05866","8026269755","tdegeorge@kingdomeast.org","Caledonia","JDO","16","0","0","16","0","No","Active","4 Star","No",,,,"0","0","1","0","School Year Only","7:00:00 AM","10:30:00 AM","Prequalified PreK Program - Public School","2024 Jun 24 12:00:00 AM","2029 Jun 30 12:00:00 AM"
"464097","422522","Mountain View School District PreK at the Lakeview Campus","90656","08/28/2025","08/21/2027","Licensed Provider","CBCCPP","189 Lauredon Ave.",,"Greensboro","05841","8024722903","bparker@ossu.org","Orleans","VDO","45","0","0","45","0","No",,"1 Star","No",,,,,,,,,,,"Prequalified PreK Program - Public School","2025 Mar 14 12:00:00 AM","2028 Jun 30 12:00:00 AM"
"232530","159862","Newport City Elementary Pre-Kindergarten Program","66600","08/13/2023","08/08/2026","Licensed Provider","CBCCPP","166 Sias Avenue",,"Newport","05855","8023342455","thyra.monaghan@ncsuvt.org","Orleans","NDO","30","0","0","30","0","No","Active","4 Star","No",,,,"0","0","0","0",,"8:30:00 AM","2:45:00 PM","Prequalified PreK Program - Public School","2025 Apr 18 12:00:00 AM","2028 Jun 30 12:00:00 AM"
"261984","188822","Newport Town School Early Education Program","72355","08/13/2023","08/08/2026","Licensed Provider","CBCCPP","4212 Rte. 105",,"Newport","05857","8023345201","melanie.barton@ncsuvt.org","Orleans","NDO","15","0","0","15","0","No","Active","4 Star","Yes",,,,"0","0","0","0",,"8:00:00 AM","12:00:00 PM","Prequalified PreK Program - Public School","2023 Aug 15 12:00:00 AM","2026 Jun 30 12:00:00 AM"
"106767","62740","Orleans Central Early Childhood Program","31523","08/27/2023","08/22/2026","Licensed Provider","CBCCPP","130 Kinsey Road",,"Barton","05822","8025256253","jlavine@ocsu.org","Orleans","NDO","70","0","0","70","0","No","Active","5 Star","No",,,,"0","0","0","0",,"8:00:00 AM","4:00:00 PM","Prequalified PreK Program - Public School","2024 Feb 12 12:00:00 AM","2027 Jun 30 12:00:00 AM"
"228806","155867","Preschool at the Jay/Westfield JES","66496","08/13/2023","08/08/2026","Licensed Provider","CBCCPP","257 Revoir Flats",,"Jay","05859","8029884042","alanna.whittier@ncsuvt.org","Orleans","NDO","15","0","0","15","0","No","Active","4 Star","No",,,,"0","0","0","0",,"9:00:00 AM","4:00:00 PM","Prequalified PreK Program - Public School","2024 Jul 01 12:00:00 AM","2027 Jun 30 12:00:00 AM"
"267280","193792","Troy School Early Education Program","72595","06/15/2025","06/10/2028","Licensed Provider","CBCCPP","178 Main Street",,"Troy","058590110","8029882565","susan.cloutier@ncsuvt.org","Orleans","NDO","15","0","0","15","0","No","Active","4 Star","No",,,,"0","0","0","0","School Year Only","7:45:00 AM","1:00:00 PM","Prequalified PreK Program - Public School","2025 Jun 30 12:00:00 AM","2028 Jun 30 12:00:00 AM"
"464655","423156","Alburgh Family Clubhouse","91638","10/05/2025","09/30/2028","Licensed Provider","CBCCPP","64 Missile Base Road",,"Alburg","05440","8023090666","afc@alburghfamilyclubhouse.com","Grand Isle","ADO","62","16","10","18","18","Yes","Active","1 Star","Yes",,,,"13","8","16","18","In-Service Days","7:30:00 AM","5:30:00 PM","Prequalified PreK Program - Public School","2026 Jan 07 12:00:00 AM","2029 Jun 30 12:00:00 AM"
"176233","114689","Alburgh School District Preschool Program","50934","01/28/2024","01/23/2027","Licensed Provider","CBCCPP","45 Champlain Street",,"Alburg","05440","8027963573","tdeller@gisu.org","Grand Isle","ADO","20","0","0","20","0","No","Inactive","5 Star","No",,,,"0","0",,"0",,"7:30:00 AM","11:30:00 AM","Prequalified PreK Program - Public School","2024 Feb 06 12:00:00 AM","2028 Jun 30 12:00:00 AM"
"143772","92537","Bakersfield Elementary Early Childhood Program","42837","08/13/2023","08/08/2026","Licensed Provider","CBCCPP","82 Academy Lane",,"Bakersfield","05441","8028276611","Tracy.viens@fnesu.org","Franklin","ADO","20","0","0","20","0","No","Active","4 Star","No",,,,,,,,"School Year Only","8:00:00 AM","1:00:00 PM","Prequalified PreK Program - Public School","2024 Jan 25 12:00:00 AM","2028 Jun 30 12:00:00 AM"
"143770","92535","Berkshire Elementary School Early Childhood Program","42860","01/28/2024","01/23/2027","Licensed Provider","CBCCPP","4850 Water Tower Road",,"Richford","05476","8029332290","karen.carpenter@fnesu.org","Franklin","ADO","20","0","0","20","0","No","Inactive","4 Star","No",,,,,,"0",,"School Year Only","8:30:00 AM","1:30:00 PM","Prequalified PreK Program - Public School","2024 Feb 01 12:00:00 AM","2028 Jun 30 12:00:00 AM"
"45117","20083","Cambridge Elementary Early Childhood Program","15526","01/25/2026","01/20/2029","Licensed Provider","CBCCPP","186 School Street",,"Cambridge","05464","8025215613","tsibenaller@lnsd.org","Lamoille","VDO","30","0","0","30","0","No","Active","4 Star","No",,,,"0","0","0","0",,"7:45:00 AM","12:45:00 PM","Prequalified PreK Program - Public School","2024 Feb 21 12:00:00 AM","2028 Jun 30 12:00:00 AM"
"143915","92672","Enosburg Elementary School ECP","42831","08/13/2023","06/13/2026","Licensed Provider","CBCCPP","303 Dickenson Avenue","Located in Enosburg Falls Elementary School","Enosburg","05450","8029332171","leslie.thompson@fnesu.org","Franklin","ADO","40","0","0","40","0","No","Inactive","5 Star","No",,,,"0","0",,"0","School Year Only","8:30:00 AM","1:30:00 PM","Prequalified PreK Program - Public School","2024 Jul 01 12:00:00 AM","2029 Jun 30 12:00:00 AM"
"164241","107262","Fairfield Center School","48079","08/24/2025","08/19/2028","Licensed Provider","CBCCPP","57 Park Street",,"Fairfield","05455","8025243613","sripley@maplerun.org","Franklin","ADO","15","0","0","15","0","No","Inactive","5 Star","No",,,,"0","0","0","0",,"8:00:00 AM","12:30:00 PM","Prequalified PreK Program - Public School","2024 Jan 25 12:00:00 AM","2029 Jun 30 12:00:00 AM"
"3568","2545","Georgia Elementary School Preschool Program","1564","11/02/2025","10/28/2028","Licensed Provider","CBCCPP","4416 Ethan Allen Highway",,"Georgia","05478","8025246358","jjohnson@fwsu.org","Franklin","ADO","45","0","0","45","0","No","Inactive","5 Star","No",,,,"0","0","2","0","School Year Only","7:45:00 AM","2:15:00 PM","Prequalified PreK Program - Public School","2024 Aug 22 12:00:00 AM","2029 Jun 30 12:00:00 AM"
"3602","2571","Johnson Elementary Preschool Program","1577","05/07/2023","05/02/2026","Licensed Provider","CBCCPP","57 College Hill",,"Johnson","05656","8028886751","pfontaine@lnsd.org","Lamoille","VDO","30","0","0","30","0","No","Inactive","5 Star","No",,,,"0","0","0","0",,"7:30:00 AM","2:45:00 PM","Prequalified PreK Program - Public School","2024 Jan 25 12:00:00 AM","2029 Jun 30 12:00:00 AM"
"465119","423644","Lamoille North School District at Waterville Preschool Program","90640","08/25/2024","08/21/2027","Licensed Provider","CBCCPP","3414 VT Rt 109",,"Waterville","05492","8026969685","cbullard@lnsd.org","Lamoille","VDO","15","0","0","15","0","No",,"4 Star","No",,,,,,,,,,,"Prequalified PreK Program - Public School","2024 Aug 30 12:00:00 AM","2029 Jun 30 12:00:00 AM"
"3648","2606","Lamoille South Early Childhood Program @ Morrisville, lle","1594","09/07/2025","09/02/2028","Licensed Provider","CBCCPP","46 Copley Avenue",,"Morrisville","05661","8028886707","stephanie.hudak@lamoillesouth.org","Lamoille","VDO","36","0","0","36","0","No","Inactive","5 Star","No",,,,"0","0","0","0",,"8:15:00 AM","2:00:00 PM","Prequalified PreK Program - Public School","2024 Jul 01 12:00:00 AM","2029 Jun 30 12:00:00 AM"
"467648","426430","Little One's University St Albans","91016","01/26/2025","01/22/2028","Licensed Provider","CBCCPP","31 Swanton Rd",,"St Albans","05478","8025285253","littleonesuniversity@gmail.com","Franklin","ADO","41","12","10","19","0","Yes","Active","4 Star","No",,,,"0","1","8","0",,"7:30:00 AM","4:30:00 PM","Prequalified PreK Program - Public School","2025 Aug 12 12:00:00 AM","2028 Jun 30 12:00:00 AM"
"28232","13216","MVSD Franklin Preschool","13023","08/29/2024","08/22/2026","Licensed Provider","CBCCPP","15 School Street",,"Franklin","05457","8022852100","wendy.cunningham@mvsdschools.org","Franklin","ADO","20","0","0","20","0","No","Inactive","5 Star","No",,,,,,"3",,,,,"Prequalified PreK Program - Public School","2024 May 10 12:00:00 AM","2027 Jun 30 12:00:00 AM"
"3519","2510","MVSD Highgate Preschool","1540","12/28/2025","12/23/2028","Licensed Provider","CBCCPP","219 Gore Road",,"Highgate","05459","8028684170","wendy.cunningham@mvsdschools.org","Franklin","ADO","30","0","0","30","0","No","Inactive","5 Star","No",,,,,,"0",,"School Year Only","8:00:00 AM","2:30:00 PM","Prequalified PreK Program - Public School","2024 May 10 12:00:00 AM","2027 Jun 30 12:00:00 AM"
"3186","2272","MVSD Swanton Preschool","1366","09/21/2025","09/16/2028","Licensed Provider","CBCCPP","113 Grand Avenue",,"Swanton","05488","8028682455","Wendy.Cunningham@mvsdschools.org","Franklin","ADO","45","0","0","45","0","No","Inactive","5 Star","No",,,,"0","0","0","0","School Year Only","7:45:00 AM","2:30:00 PM","Prequalified PreK Program - Public School","2024 May 20 12:00:00 AM","2027 Jun 30 12:00:00 AM"
"144325","92968","Montgomery Elementary School Early Childhood Program","41954","01/28/2024","01/23/2027","Licensed Provider","CBCCPP","249 School Drive",,"Montgomery","05471","8023264618","leah.lagasse@fnesu.org","Franklin","ADO","20","0","0","20","0","No","Active","4 Star","No",,,,"0","0","15","0","School Year Only","8:30:00 AM","3:00:00 PM","Prequalified PreK Program - Public School","2024 Oct 25 12:00:00 AM","2029 Jun 30 12:00:00 AM"
"4427","3216","Northwest Technical Center","1812","08/13/2023","08/08/2026","Licensed Provider","CBCCPP","71 South Main Street","Bellows Free Academy","St Albans","05478","8025270614","sripley@maplerun.org","Franklin","ADO","10","0","0","10","0","No","Inactive","5 Star","No",,,,"0","0","0","0",,"8:45:00 AM","11:00:00 AM","Prequalified PreK Program - Public School","2024 May 10 12:00:00 AM","2027 Jun 30 12:00:00 AM"
"143768","92533","Richford Elementary School Early Childhood Program","42039","08/27/2024","08/08/2026","Licensed Provider","CBCCPP","1 Elementary School Road",,"Richford","05476","8028487453","alicia.lawyer@fnesu.org","Franklin","ADO","40","0","0","40","0","No","Inactive","5 Star","No",,,,,,,,"School Year Only","8:30:00 AM","1:30:00 PM","Prequalified PreK Program - Public School","2024 Apr 30 12:00:00 AM","2027 Jun 30 12:00:00 AM"
"3100","2203","Saint Albans City School","1311","12/14/2025","12/09/2028","Licensed Provider","CBCCPP","29 Bellows St.",,"St Albans","05478","8025243613","sripley@maplerun.org","Franklin","ADO","59","0","0","59","0","No","Inactive","5 Star","No",,,,"0","0","0","0",,"8:30:00 AM","11:00:00 AM","Prequalified PreK Program - Public School","2025 Jun 30 12:00:00 AM","2028 Jun 30 12:00:00 AM"
"244173","171371","Saint Albans Town Educational Center","66954","08/27/2023","08/22/2026","Licensed Provider","CBCCPP","169 South Main Street",,"St Albans","05478","8025243613","sripley@maplerun.org","Franklin","ADO","46","0","0","46","0","No","Inactive","5 Star","Yes",,,,"0","0","0","0",,,,"Prequalified PreK Program - Public School","2024 Jun 30 12:00:00 AM","2027 Jun 30 12:00:00 AM"
"3871","2771","Sheldon Elementary Early Childhood Program","1669","11/02/2025","10/28/2028","Licensed Provider","CBCCPP","78 Poor Farm Road","Sheldon Elementary School","Sheldon","05483","8029334909","karen.nichols@fnesu.org","Franklin","ADO","26","0","0","26","0","No","Inactive","4 Star","No",,,,,,,,"School Year Only","8:00:00 AM","1:00:00 PM","Prequalified PreK Program - Public School","2024 Jan 25 12:00:00 AM","2027 Jun 30 12:00:00 AM"
"4201","3027","Town of Hyde Park School District","1763","11/16/2025","11/11/2028","Licensed Provider","CBCCPP","50 East Main Street",,"Hyde Park","05655","8025215418","gmarek@lnsd.org","Lamoille","VDO","15","0","0","15","0","No",,"4 Star","No",,,,"0","0","0","0",,"7:45:00 AM","2:45:00 PM","Prequalified PreK Program - Public School","2024 Jun 19 12:00:00 AM","2027 Jun 30 12:00:00 AM"
"3370","2406","Barre City Preschool Programs","1472","04/09/2023","04/04/2026","Licensed Provider","CBCCPP","50 Parkside Terrace","Barre City Elementary and Middle School","Barre City","05641","8024766541","ebrowbsu@buusd.org","Washington","MDO","55","0","0","55","0","No","Active","5 Star","No",,,,"0","0","0","0","School Year Only","8:30:00 AM","3:30:00 PM","Prequalified PreK Program - Public School","2024 Aug 02 12:00:00 AM","2028 Jun 30 12:00:00 AM"
"3452","2464","Barre Town Early Education Program","1507","04/09/2023","04/04/2026","Licensed Provider","CBCCPP","70 Websterville Road",,"Barre Town","05641","8024766617","ebrowbsu@buusd.org","Washington","MDO","64","0","0","64","0","No","Active","5 Star","No",,,,"0","0","0","0","School Year Only","8:30:00 AM","3:30:00 PM","Prequalified PreK Program - Public School","2024 Sep 09 12:00:00 AM","2028 Jun 30 12:00:00 AM"
"174806","113645","Chamberlin Preschool","50974","09/04/2024","06/27/2026","Licensed Provider","CBCCPP","262 White Street",,"South Burlington","05403","8026527400","hrouelle@sbschools.net","Chittenden","BDO","32","0","0","32","0","No","Active","5 Star","No",,,,"0","0","0","0",,"8:00:00 AM","2:30:00 PM","Prequalified PreK Program - Public School","2024 Jan 25 12:00:00 AM","2028 Jun 30 12:00:00 AM"
"120293","74764","Essex Elementary School Pre-Kindergarten","39309","09/21/2025","09/16/2028","Licensed Provider","CBCCPP","1 Bixby Hill Road","Essex Elementary School","Essex","05452","8028572162","dmcnamara@ewsd.org","Chittenden","BDO","30","0","0","30","0","No","Active","5 Star","No",,,,"0","0","0","0",,"7:45:00 AM","2:45:00 PM","Prequalified PreK Program - Public School","2024 May 10 12:00:00 AM","2029 Jun 30 12:00:00 AM"
"70087","33376","Hiawatha School Pre-Kindergarten","25103","03/12/2023","03/07/2026","Licensed Provider","CBCCPP","30 Hiawatha Avenue","Hiawatha Elementary School","Essex","05452","8028572004","dmcnamara@ewsd.org","Chittenden","BDO","10","0","0","10","0","No","Active","5 Star","No",,,,"0","0","0","0","School Year Only","7:45:00 AM","2:45:00 PM","Prequalified PreK Program - Public School","2024 Feb 01 12:00:00 AM","2029 Jun 30 12:00:00 AM"
"384280","338851","Rick Marcotte Central Preschool","82694","08/10/2025","08/05/2028","Licensed Provider","CBCCPP","61 Dattilio Drive",,"South Burlington","05403","8026527200","lmcdonald@sbschools.net","Chittenden","BDO","15","0","0","15","0","No","Active","4 Star","No",,,,"0","0","0","0",,"8:00:00 AM","2:30:00 PM","Prequalified PreK Program - Public School","2026 Jul 01 12:00:00 AM","2029 Jun 30 12:00:00 AM"
"70089","33379","Summit Street School Pre-Kindergarten","25105","02/22/2026","02/17/2029","Licensed Provider","CBCCPP","17 Summit Street",,"Essex","05452","8028577707","dmcnamara@ewsd.org","Chittenden","BDO","30","0","0","30","0","No","Active","5 Star","No",,,,"0","0","0","0",,"7:45:00 AM","2:45:00 PM","Prequalified PreK Program - Public School","2024 May 30 12:00:00 AM","2027 Jun 30 12:00:00 AM"
"2742","1940","Winooski Early Childhood Program","1004","11/02/2025","10/28/2028","Licensed Provider","CBCCPP","60 Normand Street",,"Winooski","05404","8023836063","mlopez@wsdvt.org","Chittenden","BDO","60","0","0","60","0","No","Active","5 Star","No",,,,"0","0","0","0",,"8:00:00 AM","3:00:00 PM","Prequalified PreK Program - Public School","2024 Jun 19 12:00:00 AM","2027 Jun 30 12:00:00 AM"
"306294","241967","ANWSD Early Education Program @ Ferrisburgh","79594","08/11/2024","08/07/2027","Licensed Provider","CBCCPP","56 Little Chicago Road",,"Ferrisburgh","05456","8028772867","mtierney@anwsd.org","Addison","YDO","22","0","0","22","0","Yes","Active","5 Star","Yes",,,,"0","0","0","0",,"8:15:00 AM","1:15:00 AM","Prequalified PreK Program - Public School","2024 Feb 21 12:00:00 AM","2028 Jun 30 12:00:00 AM"
"73802","35438","Brewster Pierce Memorial School","22221","08/30/2024","08/22/2026","Licensed Provider","CBCCPP","120 School Street",,"Huntington","05462","8024342962","angela.hermoian@mmuusd.org","Chittenden","BDO","30","0","0","30","0","No","Active","5 Star","No",,,,"0","0","0","0",,"7:30:00 AM","2:30:00 PM","Prequalified PreK Program - Public School","2024 Jun 30 12:00:00 AM","2028 Jun 30 12:00:00 AM"
"76997","37492","Bridport Central School","23464","11/02/2025","10/28/2028","Licensed Provider","CBCCPP","3442 VT Rte 22A",,"Bridport","05734","8027582331","hadams@acsdvt.org","Addison","YDO","17","0","0","17","0","No","Inactive","4 Star","No",,,,"0","0","0","0",,"7:45:00 AM","2:30:00 PM","Prequalified PreK Program - Public School","2024 Mar 19 12:00:00 AM","2028 Jun 30 12:00:00 AM"
"3663","2615","Charlotte - Hinesburg Early Education Program","1601","11/19/2023","11/14/2026","Licensed Provider","CBCCPP","10888 Route 116",,"Hinesburg","05461","8029851936","egagne@cvsdvt.org","Chittenden","BDO","15","0","0","15","0","No","Active","5 Star","No",,,,"0","0","0","0","School Year Only","7:45:00 AM","2:45:00 PM","Prequalified PreK Program - Public School","2024 Feb 01 12:00:00 AM","2028 Jun 30 12:00:00 AM"
"4335","3135","MAUSD- Early Education Program","1794","09/26/2024","08/22/2026","Licensed Provider","CBCCPP","57 Mountain Street",,"Bristol","05443","8024533674","heidi.bullock@mausd.org","Addison","YDO","26","0","0","26","0","No","Active","5 Star","No",,,,"0","0","0","0",,"7:45:00 AM","3:30:00 PM","Prequalified PreK Program - Public School","2024 Nov 04 12:00:00 AM","2029 Jun 30 12:00:00 AM"
"3705","2641","Mary Hogan Preschool Program","1623","10/05/2025","09/30/2028","Licensed Provider","CBCCPP","201 Mary Hogan Drive",,"Middlebury","05753","8023821438","kforbes@acsdvt.org","Addison","YDO","27","0","0","27","0","No","Active","5 Star","Yes",,,,"0","0","0","0",,"7:45:00 AM","3:30:00 PM","Prequalified PreK Program - Public School","2024 Mar 19 12:00:00 AM","2029 Jun 30 12:00:00 AM"
"4598","3352","Shelburne Community School, EEE","1851","10/19/2025","10/14/2028","Licensed Provider","CBCCPP","345 Harbor Road",,"Shelburne","05482","8023831178","egagne@cvsdvt.org","Chittenden","BDO","15","0","0","15","0","No","Active","5 Star","No",,,,"0","0","0","0","School Year Only","7:45:00 AM","10:45:00 AM","Prequalified PreK Program - Public School","2024 Apr 30 12:00:00 AM","2027 Jun 30 12:00:00 AM"
"134148","86307","Smilie Preschool Program","39129","10/05/2025","09/30/2028","Licensed Provider","CBCCPP","2712 Theodore Roosevelt Hwy",,"Bolton","05676","8024342962","angela.hermoian@mmuusd.org","Chittenden","BDO","40","0","0","40","0","No","Active","5 Star","No",,,,"0","0","0","0","School Year Only","7:30:00 AM","2:30:00 PM","Prequalified PreK Program - Public School","2024 Jan 09 12:00:00 AM","2027 Jun 30 12:00:00 AM"
"464807","423314","The Growing Tree LLC","91297","05/18/2025","05/13/2028","Licensed Provider","CBCCPP","121 VT-17",,"Addison","05491","8027592494","tgtaddison@gmail.com","Addison","YDO","20","0","5","14","1","Yes","Active","1 Star","No",,,,"0","0","2","0",,"7:30:00 AM","4:30:00 AM","Prequalified PreK Program - Public School","2025 Sep 02 12:00:00 AM","2028 Jun 30 12:00:00 AM"
"267988","194587","Underhill I.D","72499","08/24/2025","08/19/2028","Licensed Provider","CBCCPP","10 River rd",,"Jericho","05465","8024342962","angela.hermoian@mmuusd.org","Chittenden","BDO","30","0","0","30","0","No","Active","5 Star","No",,,,"0","0","0","0",,"7:30:00 AM","2:30:00 PM","Prequalified PreK Program - Public School","2024 Jan 09 12:00:00 AM","2027 Jun 30 12:00:00 AM"
"3486","2486","Westford School Pre-Kindergarten","1526","11/02/2025","10/28/2028","Licensed Provider","CBCCPP","146 Brookside Road",,"Westford","05494","8028577000","dmcnamara@ewsd.org","Chittenden","BDO","15","0","0","15","0","No","Active","5 Star","No",,,,"0","0","0","0","School Year Only","7:45:00 AM","2:45:00 PM","Prequalified PreK Program - Public School","2024 Apr 30 12:00:00 AM","2027 Jun 30 12:00:00 AM"
"311920","250704","Currier Memorial Preschool","79694","08/25/2024","08/21/2027","Licensed Provider","CBCCPP","234 North Main Street",,"Danby","05739","8022935191","debra.vescio@brsu.org","Rutland","RDO","18","0","0","18","0","No","Active","5 Star","Yes",,,,"0","0","0","0","School Year Only","8:00:00 AM","2:30:00 PM","Prequalified PreK Program - Public School","2025 Jun 30 12:00:00 AM","2028 Jun 30 12:00:00 AM"
"4049","2910","Dover Elementary School","1725","12/12/2025","01/23/2027","Licensed Provider","CBCCPP","9 Schoolhouse Road",,"Dover","05341","8024645386","lbrown@windhamcentral.org","Windham","LDO","20","0","0","20","0","No","Active","5 Star","No",,,,"0","0","0","0","School Year Only","8:00:00 AM","11:30:00 AM","Prequalified PreK Program - Public School","2024 Jan 25 12:00:00 AM","2028 Jun 30 12:00:00 AM"
"3608","2574","Fair Haven Grade School Preschool Program","1580","01/27/2024","01/23/2027","Licensed Provider","CBCCPP","115 North Main Street",,"Fair Haven","05743","8022653883","smason@svuvt.org","Rutland","RDO","15","0","0","15","0","No","Active","5 Star","No",,,,"0","0","4","0","School Year Only","8:00:00 AM","3:00:00 PM","Prequalified PreK Program - Public School","2025 Jun 30 12:00:00 AM","2028 Jun 30 12:00:00 AM"
"130260","83844","Fisher Elementary Pre-K Program","38469","10/19/2025","10/14/2028","Licensed Provider","CBCCPP","504 East Arlington Road",,"Arlington","05250","8023756409","lacosted@bvsu.org","Bennington","TDO","45","0","0","45","0","No","Active","5 Star","No",,,,"0","0","0","0","School Year Only","8:00:00 AM","3:00:00 PM","Prequalified PreK Program - Public School","2024 Jun 30 12:00:00 AM","2029 Jun 30 12:00:00 AM"
"26430","12713","Ludlow Elementary School Preschool","12696","01/28/2024","01/23/2027","Licensed Provider","CBCCPP","45 Main Street",,"Ludlow","05149","8028755185","lisa.schmidt@trsu.org","Windsor","SDO","18","0","0","18","0","Yes","Active","5 Star","No",,,,"0","0","0","0",,"7:45:00 AM","1:30:00 PM","Prequalified PreK Program - Public School","2024 May 30 12:00:00 AM","2029 Jun 30 12:00:00 AM"
"3428","2448","Manchester Early Education Program","1495","10/19/2025","10/14/2028","Licensed Provider","CBCCPP","80 Memorial Avenue",,"Manchester","05255","8023621597","dhathaway@brsu.org","Bennington","TDO","34","0","0","34","0","No","Active","5 Star","No",,,,"0","0","0","0",,"8:00:00 AM","3:00:00 PM","Prequalified PreK Program - Public School","2024 Jun 05 12:00:00 AM","2029 Jun 30 12:00:00 AM"
"3426","2447","Mettawee School Early Education Program","1496","01/11/2026","01/06/2029","Licensed Provider","CBCCPP","5788 VT Rte 153",,"Pawlet","05775","8026459009","dhathaway@brsu.org","Rutland","RDO","20","0","0","20","0","No","Active","5 Star","No",,,,"0","0","0","0",,"7:30:00 AM","2:30:00 PM","Prequalified PreK Program - Public School","2024 May 10 12:00:00 AM","2029 Jun 30 12:00:00 AM"
"68731","32600","Mount Holly Elementary School Preschool","22232","11/16/2025","11/11/2028","Licensed Provider","CBCCPP","150 School Street",,"Mount Holly","05758","8022592392","cristy.lauzon@trsu.org","Rutland","RDO","15","0","0","15","0","Yes","Active","5 Star","No",,,,"0","0","0","0","School Year Only","7:45:00 AM","4:00:00 PM","Prequalified PreK Program - Public School","2025 Jun 30 12:00:00 AM","2028 Jun 30 12:00:00 AM"
"273097","198651","Poultney Elementary School PreK Program","75994","08/12/2023","08/08/2026","Licensed Provider","CBCCPP","96 School Circle",,"Poultney","05764","8022875212","sarah.taylor@grcsu.org","Rutland","RDO","25","0","0","25","0","No","Active","4 Star","Yes",,,,"0","0","0","0","School Year Only","7:45:00 AM","2:45:00 PM","Prequalified PreK Program - Public School","2024 Feb 12 12:00:00 AM","2027 Jun 30 12:00:00 AM"
"4123","2969","Readsboro Elementary School Preschool","1740","11/19/2023","11/14/2026","Licensed Provider","CBCCPP","301 Phelps Lane",,"Readsboro","05350","8024237786","rrichardson@readsborocentralschool.net","Bennington","TDO","15","0","0","15","0","No","Active","4 Star","No",,,,"0","0","0","0",,"12:00:00 PM","3:30:00 PM","Prequalified PreK Program - Public School","2024 May 10 12:00:00 AM","2027 Jun 30 12:00:00 AM"
"3961","2840","SVSU Early Education Program","1437","11/30/2025","11/25/2028","Licensed Provider","CBCCPP","181 Orchard Road",,"Bennington","05201","8024478419","meghan.meszkat@svsu.org","Bennington","TDO","34","0","0","34","0","No","Active","5 Star","Yes",,,,"0","0","0","0",,"8:30:00 AM","12:30:00 PM","Prequalified PreK Program - Public School","2024 Apr 08 12:00:00 AM","2027 Jun 30 12:00:00 AM"
"214631","144026","SVSU Early Education Program @233 Division St.","61663","09/07/2025","09/02/2028","Licensed Provider","CBCCPP","233 Division Street",,"Bennington","05201","8024478419","meghan.meszkat@svsu.org","Bennington","TDO","36","0","0","36","0","No","Active","5 Star","No",,,,"0","0","0","0",,"8:30:00 AM","12:30:00 PM","Prequalified PreK Program - Public School","2024 Mar 29 12:00:00 AM","2027 Jun 30 12:00:00 AM"
"319259","260691","Stamford Preschool","79494","06/30/2024","06/26/2027","Licensed Provider","CBCCPP","986 Main Road",,"Stamford","05352","8026941379","mmiller@wswsu49.org","Bennington","TDO","20","0","0","20","0","No","Inactive","5 Star","No",,,,"0","0","0","0",,,,"Prequalified PreK Program - Public School","2025 Jul 28 12:00:00 AM","2028 Jun 30 12:00:00 AM"
"4713","3438","Tinmouth School Pre-K/Afterschool","1880","11/15/2025","10/28/2028","Licensed Provider","CBCCPP","573 Route 140",,"Tinmouth","05773","8027863997","ledge@millriverschools.org","Rutland","RDO","30","0","0","18","12","Yes","Active","5 Star","No",,,,"0","0","0","0","School Year Only","8:00:00 AM","5:30:00 PM","Prequalified PreK Program - Public School","2024 Jun 19 12:00:00 AM","2027 Jun 30 12:00:00 AM"
"180745","117903","Wallingford Elementary School Pre-K Program","51078","07/02/2025","01/23/2027","Licensed Provider","CBCCPP","126 School Street",,"Wallingford","05773","8024462141","sfrulla@millriverschools.org","Rutland","RDO","30","0","0","30","0","Yes","Active","5 Star","No",,,,"0","0","0","0","School Year Only","8:00:00 AM","1:00:00 PM","Prequalified PreK Program - Public School","2024 Jun 19 12:00:00 AM","2027 Jun 30 12:00:00 AM"
"3645","2604","Wardsboro Central School","1593","12/28/2025","12/23/2028","Licensed Provider","CBCCPP","70 School Road",,"Wardsboro","05355","8028966210","fpalumbo@windhamcentral.org","Windham","LDO","12","0","0","7","5","No","Active","4 Star","No",,,,"0","0","0","0","School Year Only","8:00:00 AM","3:00:00 PM","Prequalified PreK Program - Public School","2024 Sep 16 12:00:00 AM","2027 Jun 30 12:00:00 AM"
"178126","128332","Wells Village School PreSchool","55994","06/14/2025","05/27/2028","Licensed Provider","CBCCPP","135 VT Route 30",,"Wells","05774","8026450386","sarah.taylor@grcsu.org","Rutland","RDO","15","0","0","15","0","No","Active","5 Star","No",,,,"0","0","0","0","School Year Only","7:30:00 AM","2:45:00 PM","Prequalified PreK Program - Public School","2024 Apr 30 12:00:00 AM","2027 Jun 30 12:00:00 AM"
"82380","40465","Barnard Pre-K Program","26680","01/28/2024","01/23/2027","Licensed Provider","CBCCPP","5979 US Route 12",,"Barnard","05031","8022349763","melissa.zoerheide@mtnviews.org","Windsor","HDO","25","0","0","25","0","No","Active","4 Star","No",,,,"0","0","0","0","School Year Only","7:45:00 AM","2:45:00 PM","Prequalified PreK Program - Public School","2025 Jun 30 12:00:00 AM","2028 Jun 30 12:00:00 AM"
"3907","2797","Barstow Unified Union Early Childhood Preschool","1684","12/13/2025","12/09/2028","Licensed Provider","CBCCPP","223 Chittenden Road","Barstow Memorial School","Chittenden","05737","8027736926","nkay@rnesu.org","Rutland","RDO","20","0","0","20","0","No","Active","4 Star","No",,,,"0","0","0","0","School Year Only","8:00:00 AM","2:00:00 PM","Prequalified PreK Program - Public School","2024 Jun 30 12:00:00 AM","2028 Jun 30 12:00:00 AM"
"3606","2573","Castleton Elementary School Preschool Program , m","1579","01/27/2024","01/23/2027","Licensed Provider","CBCCPP","263 Elementary School Road",,"Castleton","05735","8024685624","smason@svuvt.org","Rutland","RDO","15","0","0","15","0","No","Active","5 Star","No",,,,"0","0","0","0",,"8:15:00 AM","2:45:00 PM","Prequalified PreK Program - Public School","2025 Jun 30 12:00:00 AM","2028 Jun 30 12:00:00 AM"
"4214","3038","Clarendon Elementary School Pre-K Program","1765","01/10/2026","12/23/2028","Licensed Provider","CBCCPP","84 Grange Hall Road",,"Clarendon","05759","8027863998","hrobilotto@millriverschools.org","Rutland","RDO","39","0","0","39","0","Yes","Active","5 Star","No",,,,"0","0","0","0","School Year Only","8:15:00 AM","3:00:00 PM","Prequalified PreK Program - Public School","2024 Feb 12 12:00:00 AM","2028 Jun 30 12:00:00 AM"
"303275","236658","Killington Elementary School","78574","05/19/2024","05/15/2027","Licensed Provider","CBCCPP","686 School House Rd",,"Killington","05751","8024223366","mary.guggenberger@mtnviews.org","Rutland","RDO","43","0","0","30","13","No","Active","4 Star","Yes",,,,"0","0","0","0","School Year Only","8:00:00 AM","5:00:00 PM","Prequalified PreK Program - Public School","2025 Jun 30 12:00:00 AM","2028 Jun 30 12:00:00 AM"
"3334","2380","Lothrop Pre K Program , l","1443","11/29/2025","11/25/2028","Licensed Provider","CBCCPP","164 Caverly Road",,"Pittsford","05763","8024832062","nkay@rnesu.org","Rutland","RDO","15","0","0","15","0","No","Active","5 Star","No",,,,"0","0","0","0","School Year Only","8:00:00 AM","2:00:00 PM","Prequalified PreK Program - Public School","2024 Mar 01 12:00:00 AM","2029 Jun 30 12:00:00 AM"
"165621","108092","Middletown Springs School Pre-Kindergarten","47035","07/30/2023","07/25/2026","Licensed Provider","CBCCPP","15 Schoolhouse Road",,"Middletown Spgs","05757","8028555155","sarah.taylor@grcsu.org","Rutland","RDO","15","0","0","15","0","Yes","Active","4 Star","Yes",,,,"0","0","0","0",,"7:45:00 AM","11:45:00 AM","Prequalified PreK Program - Public School","2024 Jun 30 12:00:00 AM","2029 Jun 30 12:00:00 AM"
"3754","2674","Neshobe Pre K Program","1641","11/30/2025","11/25/2028","Licensed Provider","CBCCPP","17 Neshobe Circle",,"Brandon","05733","8022473721","nkay@rnesu.org","Rutland","RDO","34","0","0","34","0","No","Active","4 Star","No",,,,"0","0","0","0","School Year Only","8:00:00 AM","2:00:00 PM","Prequalified PreK Program - Public School","2024 May 10 12:00:00 AM","2027 Jun 30 12:00:00 AM"
"344145","290294","Otter Creek Academy Preschool at Whiting","79914","08/24/2024","08/07/2027","Licensed Provider","CBCCPP","87 South Main Street",,"Whiting","05778","8026237991","nkay@rnesu.org","Addison","YDO","16","0","0","16","0","No","Active","4 Star","Yes",,,,"0","0","1","0","School Year Only","7:30:00 AM","1:30:00 PM","Prequalified PreK Program - Public School","2024 May 10 12:00:00 AM","2027 Jun 30 12:00:00 AM"
"50191","22249","Proctor Elementary EEE","16242","07/29/2023","07/25/2026","Licensed Provider","CBCCPP","14 School Street",,"Proctor","05765","8024592225","julie.flory@grcsu.org","Rutland","RDO","15","0","0","15","0","No","Active","5 Star","No",,,,"0","0","0","0","School Year Only","8:00:00 AM","3:00:00 PM","Prequalified PreK Program - Public School","2024 Feb 01 12:00:00 AM","2027 Jun 30 12:00:00 AM"
"171693","111646","Reading Elementary School","50016","01/28/2024","01/23/2027","Licensed Provider","CBCCPP","632 VT Route 106","Reading Elementary School","Reading","05062","8024847230","amanda.rank@mtnviews.org","Windsor","SDO","20","0","0","20","0","No","Active","4 Star","No",,,,"0","0","0","0",,"7:45:00 AM","11:45:00 AM","Prequalified PreK Program - Public School","2024 Mar 01 12:00:00 AM","2027 Jun 30 12:00:00 AM"
"245220","172346","Rochester Preschool","67116","06/01/2025","05/27/2028","Licensed Provider","CBCCPP","222 S. Main Street",,"Rochester","05767","8027673161","bgriffith@wrvsu.org","Windsor","HDO","15","0","0","15","0","No","Active","4 Star","No",,,,"0","0","0","0","School Year Only","8:00:00 AM","2:45:00 PM","Prequalified PreK Program - Public School","2024 Mar 19 12:00:00 AM","2027 Jun 30 12:00:00 AM"
"50189","22246","Rutland Town Elementary Preschool","16241","08/12/2023","08/08/2026","Licensed Provider","CBCCPP","1612 Post Road",,"Rutland Town","05701","8027750566","sarah.taylor@grcsu.org","Rutland","RDO","30","0","0","30","0","No","Active","5 Star","No",,,,"0","0","0","0","School Year Only","8:00:00 AM","2:30:00 PM","Prequalified PreK Program - Public School","2024 Jan 10 12:00:00 AM","2027 Jun 30 12:00:00 AM"
"3853","2759","Shrewsbury Mountain School","1662","09/20/2025","09/02/2028","Licensed Provider","CBCCPP","300 Mountain School Road",,"Shrewsbury","05738","8027863995","mhollinger@millriverschools.org","Rutland","RDO","14","0","0","14","0","Yes","Active","5 Star","No",,,,"0","0","0","0","School Year Only","8:15:00 AM","11:30:00 AM","Prequalified PreK Program - Public School","2024 May 20 12:00:00 AM","2027 Jun 30 12:00:00 AM"
"87115","43973","Stockbridge Central School Prekindergarten","29562","10/19/2025","10/14/2028","Licensed Provider","CBCCPP","2933 VT Rte 107",,"Stockbridge","05772","8022349248","jlanglois@wrvsu.org","Windsor","HDO","15","0","0","15","0","No","Active","4 Star","No",,,,"0","0","3","0","School Year Only","7:45:00 AM","3:00:00 PM","Prequalified PreK Program - Public School","2024 Jun 05 12:00:00 AM","2027 Jun 30 12:00:00 AM"
"3766","2684","West Rutland Preschool","1643","07/19/2023","07/25/2026","Licensed Provider","CBCCPP","713 Main Street",,"West Rutland","05777","8024382288","sarah.taylor@grcsu.org","Rutland","RDO","20","0","0","20","0","No","Active","5 Star","No",,,,"0","0","0","0","School Year Only","7:30:00 AM","2:30:00 PM","Prequalified PreK Program - Public School","2024 Feb 01 12:00:00 AM","2027 Jun 30 12:00:00 AM"
"303259","236657","Woodstock Elementary School Pre-K Program","79654","08/11/2024","08/07/2027","Licensed Provider","CBCCPP","15 South St",,"Woodstock","05091","8024572522","Maggie.mills@mtnviews.org","Windsor","HDO","70","0","0","50","20","Yes","Active","5 Star","No",,,,"0","0","0","0","School Year Only","8:00:00 AM","2:15:00 PM","Prequalified PreK Program - Public School","2026 Jul 01 12:00:00 AM","2029 Jun 30 12:00:00 AM"
"464007","422419","Brattleboro Early Childhood Center","90676","09/02/2025","08/21/2027","Licensed Provider","CBCCPP","112 Canal Street",,"Brattleboro","05301","8022543740","kbeebe@wsesdvt.org","Windham","LDO","30","0","0","30","0","No","Active","5 Star","No",,,,,,"5",,,,,"Prequalified PreK Program - Public School","2024 Dec 20 12:00:00 AM","2028 Jun 30 12:00:00 AM"
"364180","313371","Dummerston School Pre-K","82634","08/10/2025","08/05/2028","Licensed Provider","CBCCPP","52 Schoolhouse Road",,"Dummerston","05346","8022542733","moglesby@wsesdvt.org","Windham","LDO","45","0","0","45","0","No","Inactive","4 Star","No",,,,"0","0","0","0",,,,"Prequalified PreK Program - Public School","2025 Jun 30 12:00:00 AM","2028 Jun 30 12:00:00 AM"
"280859","206050","Guilford Central School Pre K","76194","08/13/2023","08/08/2026","Licensed Provider","CBCCPP","374 School Road","Guilford Central School","Guilford","05301","8022542271","jgagnon@wsesdvt.org","Windham","LDO","15","0","0","15","0","No","Active","5 Star","Yes",,,,"0","0","0","0",,"8:00:00 AM","2:30:00 PM","Prequalified PreK Program - Public School","2026 Jul 01 12:00:00 AM","2029 Jun 30 12:00:00 AM"
"299051","230237","Marlboro Elementary School","78694","06/16/2024","06/12/2027","Licensed Provider","CBCCPP","2669 Route 9",,"Marlboro","05344","8022542668","pdonnelly@windhamcentral.org","Windham","LDO","20","0","0","20","0","No","Inactive","4 Star","Yes",,,,"0","0","0","0","School Year Only","8:30:00 AM","3:00:00 PM","Prequalified PreK Program - Public School","2023 Feb 22 12:00:00 AM","2026 Jun 30 12:00:00 AM"
"196785","129172","Twin Valley Elementary School","56274","10/05/2025","09/30/2028","Licensed Provider","CBCCPP","360 Route 100 N",,"Wilmington","05363","8024645177","administrative.assistant@dves.k12.vt.us","Windham","LDO","40","0","0","40","0","No","Inactive","4 Star","No",,,,"0","0","1","0",,"8:00:00 AM","2:30:00 PM","Prequalified PreK Program - Public School","2024 Jun 05 12:00:00 AM","2027 Jun 30 12:00:00 AM"
"2985","2118","WSESD @ Birge St. , le","1229","11/16/2025","11/11/2028","Licensed Provider","CBCCPP","130 Birge Street",,"Brattleboro","05301","8022462047","cbliss@wsesdvt.org","Windham","LDO","48","8","16","24","0","Yes","Active","5 Star","No","NAEYC","04/30/2022","08/01/2027","0","0","2","0",,"7:30:00 AM","4:30:00 PM","Prequalified PreK Program - Public School","2023 Dec 04 12:00:00 AM","2026 Jun 30 12:00:00 AM"
"2816","1990","Berlin Elementary Preschool","1056","02/12/2023","02/07/2026","Licensed Provider","CBCCPP","372 Paine Turnpike",,"Berlin","05602","8022232796","kbolduc@u32.org","Washington","MDO","27","0","0","27","0","Yes","Active","5 Star","No",,,,"0","0","0","0","School Year Only","7:30:00 AM","3:30:00 PM","Prequalified PreK Program - Public School","2024 Jun 05 12:00:00 AM","2028 Jun 30 12:00:00 AM"
"146979","94811","Brookside Primary School","42897","08/27/2023","08/22/2026","Licensed Provider","CBCCPP","47 Stowe Street",,"Waterbury","05676","8022447195","sschoolcraft@huusd.org","Washington","MDO","40","0","0","40","0","No","Active","5 Star","No",,,,"0","0","0","0",,"7:30:00 AM","2:45:00 PM","Prequalified PreK Program - Public School","2024 Jun 30 12:00:00 AM","2028 Jun 30 12:00:00 AM"
"3685","2628","Calais Elementary Preschool, n Program @ Calais","1617","02/12/2023","02/21/2026","Licensed Provider","CBCCPP","321 Lightening Ridge Road",,"Calais","05667","8024547777","jweiss@u32.org","Washington","MDO","35","0","0","20","15","Yes","Active","5 Star","No",,,,"0","0","6","0",,"7:30:00 AM","3:30:00 PM","Prequalified PreK Program - Public School","2024 Mar 29 12:00:00 AM","2028 Jun 30 12:00:00 AM"
"3650","2607","Lamoille South Early Childhood Program @ Stowe","1595","10/05/2025","09/30/2028","Licensed Provider","CBCCPP","254 Park Street",,"Stowe","05661","8022534154","maura.wieler@lamoillesouth.org","Lamoille","VDO","20","0","0","20","0","No","Inactive","5 Star","No",,,,"0","0","0","0",,"8:00:00 AM","2:30:00 PM","Prequalified PreK Program - Public School","2024 Jul 01 12:00:00 AM","2029 Jun 30 12:00:00 AM"
"256825","183642","Montpelier Public Schools Early Childhood Program","72415","07/30/2023","07/25/2026","Licensed Provider","CBCCPP","1 Park Ave",,"Montpelier","05602","8022258200","brendab@mpsvt.org","Washington","MDO","20","0","0","20","0","No","Active","5 Star","Yes",,,,"0","0","0","0","School Year Only",,,"Prequalified PreK Program - Public School","2020 Oct 07 12:00:00 AM","2026 Jun 30 12:00:00 AM"
"75383","36336","Richmond Elementary Preschool","23466","01/30/2026","12/09/2028","Licensed Provider","CBCCPP","125 School Street",,"Richmond","05477","8024342962","angela.hermoian@mmuusd.org","Chittenden","BDO","45","0","0","45","0","No","Active","4 Star","No",,,,"0","0","0","0","School Year Only","7:30:00 AM","2:30:00 PM","Prequalified PreK Program - Public School","2024 Feb 01 12:00:00 AM","2027 Jun 30 12:00:00 AM"
"3696","2635","BFA Elementary School Preschool Program","1620","06/29/2025","06/24/2028","Licensed Provider","CBCCPP","75 Hunt Street",,"Fairfax","05454","8028492222","emarcelinohoward@fwsu.org","Franklin","ADO","32","0","0","22","10","No","Inactive","5 Star","No",,,,"0","0","0","0",,"8:15:00 AM","2:30:00 PM","Prequalified PreK Program - Public School","2024 Jun 30 12:00:00 AM","2028 Jun 30 12:00:00 AM"
"445428","404971","BSD Early Education Program at Champlain","86856","08/11/2024","08/07/2027","Licensed Provider","CBCCPP","800 Pine St",,"Burlington","05401","8029994799","cfay@bsdvt.org","Chittenden","BDO","56","0","0","32","24","No","Active","5 Star","No",,,,"0","0","0","0",,"8:15:00 AM","2:45:00 PM","Prequalified PreK Program - Public School","2025 Sep 12 12:00:00 AM","2028 Jun 30 12:00:00 AM"
"455353","413185","Burlington Early Ed. Program @ C.P. Smith","88297","08/24/2025","08/19/2028","Licensed Provider","CBCCPP","332 Ethan Allen Pkwy",,"Burlington","05408","8028468463","cfay@bsdvt.org","Chittenden","BDO","30","0","0","30","0","No","Active","4 Star","No",,,,"0","0","0","0","School Year Only","8:00:00 AM","2:45:00 PM","Prequalified PreK Program - Public School","2025 Jun 30 12:00:00 AM","2028 Jun 30 12:00:00 AM"
"445427","404970","Edmunds Preschool","86921","08/25/2024","08/21/2027","Licensed Provider","CBCCPP","299 Main St, Burlington",,"Burlington","05401","8029994799","cfay@bsdvt.org","Chittenden","BDO","40","0","0","40","0","No","Active","5 Star","No",,,,"0","0","0","0","School Year Only","8:30:00 AM","2:30:00 PM","Prequalified PreK Program - Public School","2025 Sep 12 12:00:00 AM","2028 Jun 30 12:00:00 AM"
"3698","2636","Fletcher Elementary School Preschool Program","1621","10/19/2025","10/14/2028","Licensed Provider","CBCCPP","340 School Road",,"Fletcher","05444","8028496251","bbaskette@fwsu.org","Franklin","ADO","15","0","0","15","0","No","Inactive","5 Star","No",,,,,,"0",,,"8:00:00 AM","3:00:00 PM","Prequalified PreK Program - Public School","2024 Jun 30 12:00:00 AM","2029 Jun 30 12:00:00 AM"
"228619","155574","H.O. Wheeler Preschool","63418","01/25/2026","01/20/2029","Licensed Provider","CBCCPP","6 Archibald St",,"Burlington","05401","8028648463","cfay@bsdvt.org","Chittenden","BDO","15","0","0","15","0","No","Active","5 Star","No",,,,"0","0","0","0","School Year Only","8:15:00 AM","2:45:00 PM","Prequalified PreK Program - Public School","2024 Jul 01 12:00:00 AM","2029 Jun 30 12:00:00 AM"
"228617","155571","J.J. Flynn Preschool","63416","01/25/2026","01/20/2029","Licensed Provider","CBCCPP","1645 North Ave",,"Burlington","05408","8028648463","cfay@bsdvt.org","Chittenden","BDO","34","0","0","34","0","No","Active","5 Star","No",,,,"0","0","0","0",,"8:15:00 AM","2:45:00 PM","Prequalified PreK Program - Public School","2024 Aug 02 12:00:00 AM","2029 Jun 30 12:00:00 AM"
"91245","47180","Malletts Bay School","29282","06/15/2025","06/10/2028","Licensed Provider","CBCCPP","609 Blakely Road",,"Colchester","05446","8022645900","nancy.smith@colchestersd.org","Chittenden","BDO","45","0","0","45","0","No","Active","5 Star","No",,,,"0","0","0","0",,"8:30:00 AM","2:45:00 PM","Prequalified PreK Program - Public School","2024 Feb 01 12:00:00 AM","2029 Jun 30 12:00:00 AM"
"2830","1999","Milton Early Childhood Program","1071","11/02/2025","10/28/2028","Licensed Provider","CBCCPP","42 Herrick Avenue",,"Milton","05468","8028935615","jlee@mymtsd-vt.org","Chittenden","BDO","90","0","0","90","0","No","Active","5 Star","No",,,,"0","0","0","0",,"8:30:00 AM","3:30:00 PM","Prequalified PreK Program - Public School","2024 Jan 08 12:00:00 AM","2029 Jun 30 12:00:00 AM"
"228618","155573","Sustainability Academy Preschool","63415","01/25/2026","02/05/2026","Licensed Provider","CBCCPP","123 North Street",,"Burlington","05401","8028648480","cfay@bsdvt.org","Chittenden","BDO","15","0","0","15","0","No","Active","5 Star","No",,,,"0","0","0","0","School Year Only","8:15:00 AM","2:45:00 PM","Prequalified PreK Program - Public School","2024 Jul 15 12:00:00 AM","2027 Jun 30 12:00:00 AM"
